-- MZJ central access-control catalog and role-template seed
-- Idempotent. Existing users, IDs, passwords and operational records are preserved.
begin;

insert into core.roles(code,name,is_system) values ('admin','مدير النظام',true) on conflict (code) do update set name=excluded.name,is_system=true;
insert into core.roles(code,name,is_system) values ('sales_manager','مدير المبيعات',true) on conflict (code) do update set name=excluded.name,is_system=true;
insert into core.roles(code,name,is_system) values ('accounts_manager','مدير الحسابات',true) on conflict (code) do update set name=excluded.name,is_system=true;
insert into core.roles(code,name,is_system) values ('operations_manager','مدير العمليات',true) on conflict (code) do update set name=excluded.name,is_system=true;
insert into core.roles(code,name,is_system) values ('operations_admin','إداري العمليات',true) on conflict (code) do update set name=excluded.name,is_system=true;
insert into core.roles(code,name,is_system) values ('branch_manager','مدير فرع',true) on conflict (code) do update set name=excluded.name,is_system=true;
insert into core.roles(code,name,is_system) values ('sales_user','مندوب مبيعات',true) on conflict (code) do update set name=excluded.name,is_system=true;
insert into core.roles(code,name,is_system) values ('call_center_agent','مندوب كول سنتر',true) on conflict (code) do update set name=excluded.name,is_system=true;
insert into core.roles(code,name,is_system) values ('customer_service_agent','مندوب خدمة عملاء',true) on conflict (code) do update set name=excluded.name,is_system=true;
insert into core.roles(code,name,is_system) values ('marketing_executive','تنفيذي التسويق',true) on conflict (code) do update set name=excluded.name,is_system=true;
insert into core.roles(code,name,is_system) values ('marketing_user','مستخدم التسويق (قديم)',true) on conflict (code) do update set name=excluded.name,is_system=true;
insert into core.roles(code,name,is_system) values ('operations_user','مستخدم العمليات (قديم)',true) on conflict (code) do update set name=excluded.name,is_system=true;
insert into core.roles(code,name,is_system) values ('tracking_user','مستخدم التراكينج',true) on conflict (code) do update set name=excluded.name,is_system=true;

insert into core.branches(code,name,sort_order,is_active) values ('warehouse','المستودع',70,true) on conflict (code) do update set name=excluded.name,is_active=true;

insert into core.systems(code,name_ar,sort_order,is_active,updated_at) values ('operations','العمليات',10,true,now()) on conflict (code) do update set name_ar=excluded.name_ar,sort_order=excluded.sort_order,is_active=true,updated_at=now();
insert into core.systems(code,name_ar,sort_order,is_active,updated_at) values ('tracking','التراكينج',20,true,now()) on conflict (code) do update set name_ar=excluded.name_ar,sort_order=excluded.sort_order,is_active=true,updated_at=now();
insert into core.systems(code,name_ar,sort_order,is_active,updated_at) values ('marketing','التسويق',30,true,now()) on conflict (code) do update set name_ar=excluded.name_ar,sort_order=excluded.sort_order,is_active=true,updated_at=now();
insert into core.systems(code,name_ar,sort_order,is_active,updated_at) values ('crm','CRM',40,true,now()) on conflict (code) do update set name_ar=excluded.name_ar,sort_order=excluded.sort_order,is_active=true,updated_at=now();
insert into core.systems(code,name_ar,sort_order,is_active,updated_at) values ('core','الإعدادات المركزية',50,true,now()) on conflict (code) do update set name_ar=excluded.name_ar,sort_order=excluded.sort_order,is_active=true,updated_at=now();

insert into core.system_pages(system_code,code,name_ar,route,sort_order,is_active,updated_at) values ('operations','dashboard','الداش بورد','/operations',10,true,now()) on conflict (system_code,code) do update set name_ar=excluded.name_ar,route=excluded.route,sort_order=excluded.sort_order,is_active=true,updated_at=now();
insert into core.system_pages(system_code,code,name_ar,route,sort_order,is_active,updated_at) values ('operations','database','قاعدة البيانات والمخزون','/operations/database',20,true,now()) on conflict (system_code,code) do update set name_ar=excluded.name_ar,route=excluded.route,sort_order=excluded.sort_order,is_active=true,updated_at=now();
insert into core.system_pages(system_code,code,name_ar,route,sort_order,is_active,updated_at) values ('operations','movement','حركة السيارات','/operations/movement',30,true,now()) on conflict (system_code,code) do update set name_ar=excluded.name_ar,route=excluded.route,sort_order=excluded.sort_order,is_active=true,updated_at=now();
insert into core.system_pages(system_code,code,name_ar,route,sort_order,is_active,updated_at) values ('operations','requests','طلبات العمليات','/operations/requests',40,true,now()) on conflict (system_code,code) do update set name_ar=excluded.name_ar,route=excluded.route,sort_order=excluded.sort_order,is_active=true,updated_at=now();
insert into core.system_pages(system_code,code,name_ar,route,sort_order,is_active,updated_at) values ('operations','history','سجل الحركات','/operations/history',50,true,now()) on conflict (system_code,code) do update set name_ar=excluded.name_ar,route=excluded.route,sort_order=excluded.sort_order,is_active=true,updated_at=now();
insert into core.system_pages(system_code,code,name_ar,route,sort_order,is_active,updated_at) values ('operations','archive','الأرشيف','/operations/archive',60,true,now()) on conflict (system_code,code) do update set name_ar=excluded.name_ar,route=excluded.route,sort_order=excluded.sort_order,is_active=true,updated_at=now();
insert into core.system_pages(system_code,code,name_ar,route,sort_order,is_active,updated_at) values ('operations','settings','إعدادات العمليات','/settings?section=operations',70,true,now()) on conflict (system_code,code) do update set name_ar=excluded.name_ar,route=excluded.route,sort_order=excluded.sort_order,is_active=true,updated_at=now();
insert into core.system_pages(system_code,code,name_ar,route,sort_order,is_active,updated_at) values ('tracking','orders','طلبات التتبع','/tracking',10,true,now()) on conflict (system_code,code) do update set name_ar=excluded.name_ar,route=excluded.route,sort_order=excluded.sort_order,is_active=true,updated_at=now();
insert into core.system_pages(system_code,code,name_ar,route,sort_order,is_active,updated_at) values ('tracking','public_tracking','صفحة تتبع العميل العامة','/tracking/public',20,true,now()) on conflict (system_code,code) do update set name_ar=excluded.name_ar,route=excluded.route,sort_order=excluded.sort_order,is_active=true,updated_at=now();
insert into core.system_pages(system_code,code,name_ar,route,sort_order,is_active,updated_at) values ('tracking','settings','إعدادات التراكينج','/settings?section=tracking',30,true,now()) on conflict (system_code,code) do update set name_ar=excluded.name_ar,route=excluded.route,sort_order=excluded.sort_order,is_active=true,updated_at=now();
insert into core.system_pages(system_code,code,name_ar,route,sort_order,is_active,updated_at) values ('marketing','dashboard','لوحة التحكم','/marketing',10,true,now()) on conflict (system_code,code) do update set name_ar=excluded.name_ar,route=excluded.route,sort_order=excluded.sort_order,is_active=true,updated_at=now();
insert into core.system_pages(system_code,code,name_ar,route,sort_order,is_active,updated_at) values ('marketing','campaigns','إدارة الحملات','/marketing/campaigns',20,true,now()) on conflict (system_code,code) do update set name_ar=excluded.name_ar,route=excluded.route,sort_order=excluded.sort_order,is_active=true,updated_at=now();
insert into core.system_pages(system_code,code,name_ar,route,sort_order,is_active,updated_at) values ('marketing','agenda','إدارة الأجندة','/marketing/agenda',30,true,now()) on conflict (system_code,code) do update set name_ar=excluded.name_ar,route=excluded.route,sort_order=excluded.sort_order,is_active=true,updated_at=now();
insert into core.system_pages(system_code,code,name_ar,route,sort_order,is_active,updated_at) values ('marketing','publishing','تجهيز وجدولة النشر','/marketing/publishing',40,true,now()) on conflict (system_code,code) do update set name_ar=excluded.name_ar,route=excluded.route,sort_order=excluded.sort_order,is_active=true,updated_at=now();
insert into core.system_pages(system_code,code,name_ar,route,sort_order,is_active,updated_at) values ('marketing','calendar','التقويم','/marketing/calendar',50,true,now()) on conflict (system_code,code) do update set name_ar=excluded.name_ar,route=excluded.route,sort_order=excluded.sort_order,is_active=true,updated_at=now();
insert into core.system_pages(system_code,code,name_ar,route,sort_order,is_active,updated_at) values ('marketing','settings','إعدادات التسويق','/settings?section=marketing',60,true,now()) on conflict (system_code,code) do update set name_ar=excluded.name_ar,route=excluded.route,sort_order=excluded.sort_order,is_active=true,updated_at=now();
insert into core.system_pages(system_code,code,name_ar,route,sort_order,is_active,updated_at) values ('crm','dashboard','الداش بورد','/crm',10,true,now()) on conflict (system_code,code) do update set name_ar=excluded.name_ar,route=excluded.route,sort_order=excluded.sort_order,is_active=true,updated_at=now();
insert into core.system_pages(system_code,code,name_ar,route,sort_order,is_active,updated_at) values ('crm','database','قاعدة البيانات','/crm/database',20,true,now()) on conflict (system_code,code) do update set name_ar=excluded.name_ar,route=excluded.route,sort_order=excluded.sort_order,is_active=true,updated_at=now();
insert into core.system_pages(system_code,code,name_ar,route,sort_order,is_active,updated_at) values ('crm','manual_leads','إضافة العملاء','/crm/manual-leads',30,true,now()) on conflict (system_code,code) do update set name_ar=excluded.name_ar,route=excluded.route,sort_order=excluded.sort_order,is_active=true,updated_at=now();
insert into core.system_pages(system_code,code,name_ar,route,sort_order,is_active,updated_at) values ('crm','finance_history','سجل عملاء التمويل','/crm/finance-history',40,true,now()) on conflict (system_code,code) do update set name_ar=excluded.name_ar,route=excluded.route,sort_order=excluded.sort_order,is_active=true,updated_at=now();
insert into core.system_pages(system_code,code,name_ar,route,sort_order,is_active,updated_at) values ('crm','inbox','صندوق الوارد','/crm/inbox',50,true,now()) on conflict (system_code,code) do update set name_ar=excluded.name_ar,route=excluded.route,sort_order=excluded.sort_order,is_active=true,updated_at=now();
insert into core.system_pages(system_code,code,name_ar,route,sort_order,is_active,updated_at) values ('crm','inbox_agent','وكيل صندوق الوارد','/crm/inbox-agent',60,true,now()) on conflict (system_code,code) do update set name_ar=excluded.name_ar,route=excluded.route,sort_order=excluded.sort_order,is_active=true,updated_at=now();
insert into core.system_pages(system_code,code,name_ar,route,sort_order,is_active,updated_at) values ('crm','ownership','سجل ملكية العملاء','/crm/ownership',70,true,now()) on conflict (system_code,code) do update set name_ar=excluded.name_ar,route=excluded.route,sort_order=excluded.sort_order,is_active=true,updated_at=now();
insert into core.system_pages(system_code,code,name_ar,route,sort_order,is_active,updated_at) values ('crm','reports','التقارير','/crm/reports',80,true,now()) on conflict (system_code,code) do update set name_ar=excluded.name_ar,route=excluded.route,sort_order=excluded.sort_order,is_active=true,updated_at=now();
insert into core.system_pages(system_code,code,name_ar,route,sort_order,is_active,updated_at) values ('crm','kpi','تقييم المناديب KPI','/crm/kpi',90,true,now()) on conflict (system_code,code) do update set name_ar=excluded.name_ar,route=excluded.route,sort_order=excluded.sort_order,is_active=true,updated_at=now();
insert into core.system_pages(system_code,code,name_ar,route,sort_order,is_active,updated_at) values ('crm','settings','إعدادات CRM','/settings?section=crm',100,true,now()) on conflict (system_code,code) do update set name_ar=excluded.name_ar,route=excluded.route,sort_order=excluded.sort_order,is_active=true,updated_at=now();
insert into core.system_pages(system_code,code,name_ar,route,sort_order,is_active,updated_at) values ('core','users','المستخدمون','/settings',10,true,now()) on conflict (system_code,code) do update set name_ar=excluded.name_ar,route=excluded.route,sort_order=excluded.sort_order,is_active=true,updated_at=now();
insert into core.system_pages(system_code,code,name_ar,route,sort_order,is_active,updated_at) values ('core','roles','الأدوار وقوالب الصلاحيات','/settings?section=users&tab=roles',20,true,now()) on conflict (system_code,code) do update set name_ar=excluded.name_ar,route=excluded.route,sort_order=excluded.sort_order,is_active=true,updated_at=now();
insert into core.system_pages(system_code,code,name_ar,route,sort_order,is_active,updated_at) values ('core','organization','الفروع والأقسام','/settings?section=users&tab=organization',30,true,now()) on conflict (system_code,code) do update set name_ar=excluded.name_ar,route=excluded.route,sort_order=excluded.sort_order,is_active=true,updated_at=now();
insert into core.system_pages(system_code,code,name_ar,route,sort_order,is_active,updated_at) values ('core','permissions','دليل الصلاحيات','/settings?section=users&tab=permissions',40,true,now()) on conflict (system_code,code) do update set name_ar=excluded.name_ar,route=excluded.route,sort_order=excluded.sort_order,is_active=true,updated_at=now();
insert into core.system_pages(system_code,code,name_ar,route,sort_order,is_active,updated_at) values ('core','audit','سجلات الصلاحيات والأمن','/settings?section=users&tab=audit',50,true,now()) on conflict (system_code,code) do update set name_ar=excluded.name_ar,route=excluded.route,sort_order=excluded.sort_order,is_active=true,updated_at=now();

insert into core.permissions(code,name,name_ar,system_code,page_code,action_code,category,is_sensitive,is_active,sort_order,updated_at) values ('settings.access','فتح صفحة الإعدادات','فتح صفحة الإعدادات','core',null,'access','settings',true,true,5,now()) on conflict (code) do update set name=excluded.name,name_ar=excluded.name_ar,system_code=excluded.system_code,page_code=excluded.page_code,action_code=excluded.action_code,category=excluded.category,is_sensitive=excluded.is_sensitive,is_active=true,sort_order=excluded.sort_order,updated_at=now();
insert into core.permissions(code,name,name_ar,system_code,page_code,action_code,category,is_sensitive,is_active,sort_order,updated_at) values ('settings.audit.view','مشاهدة سجل تعديلات الصلاحيات','مشاهدة سجل تعديلات الصلاحيات','core','audit','view','settings',true,true,23,now()) on conflict (code) do update set name=excluded.name,name_ar=excluded.name_ar,system_code=excluded.system_code,page_code=excluded.page_code,action_code=excluded.action_code,category=excluded.category,is_sensitive=excluded.is_sensitive,is_active=true,sort_order=excluded.sort_order,updated_at=now();
insert into core.permissions(code,name,name_ar,system_code,page_code,action_code,category,is_sensitive,is_active,sort_order,updated_at) values ('settings.security.view','مشاهدة سجل النشاط الأمني','مشاهدة سجل النشاط الأمني','core','audit','security_view','settings',true,true,24,now()) on conflict (code) do update set name=excluded.name,name_ar=excluded.name_ar,system_code=excluded.system_code,page_code=excluded.page_code,action_code=excluded.action_code,category=excluded.category,is_sensitive=excluded.is_sensitive,is_active=true,sort_order=excluded.sort_order,updated_at=now();
insert into core.permissions(code,name,name_ar,system_code,page_code,action_code,category,is_sensitive,is_active,sort_order,updated_at) values ('settings.branches.manage','إدارة الفروع والأقسام','إدارة الفروع والأقسام','core','organization','manage','settings',true,true,22,now()) on conflict (code) do update set name=excluded.name,name_ar=excluded.name_ar,system_code=excluded.system_code,page_code=excluded.page_code,action_code=excluded.action_code,category=excluded.category,is_sensitive=excluded.is_sensitive,is_active=true,sort_order=excluded.sort_order,updated_at=now();
insert into core.permissions(code,name,name_ar,system_code,page_code,action_code,category,is_sensitive,is_active,sort_order,updated_at) values ('settings.permissions.manage','إدارة الصلاحيات الفردية','إدارة الصلاحيات الفردية','core','permissions','manage','settings',true,true,21,now()) on conflict (code) do update set name=excluded.name,name_ar=excluded.name_ar,system_code=excluded.system_code,page_code=excluded.page_code,action_code=excluded.action_code,category=excluded.category,is_sensitive=excluded.is_sensitive,is_active=true,sort_order=excluded.sort_order,updated_at=now();
insert into core.permissions(code,name,name_ar,system_code,page_code,action_code,category,is_sensitive,is_active,sort_order,updated_at) values ('settings.roles.manage','إدارة الأدوار وقوالب الصلاحيات','إدارة الأدوار وقوالب الصلاحيات','core','roles','manage','settings',true,true,20,now()) on conflict (code) do update set name=excluded.name,name_ar=excluded.name_ar,system_code=excluded.system_code,page_code=excluded.page_code,action_code=excluded.action_code,category=excluded.category,is_sensitive=excluded.is_sensitive,is_active=true,sort_order=excluded.sort_order,updated_at=now();
insert into core.permissions(code,name,name_ar,system_code,page_code,action_code,category,is_sensitive,is_active,sort_order,updated_at) values ('settings.users.view','مشاهدة المستخدمين','مشاهدة المستخدمين','core','users','view','settings',true,true,10,now()) on conflict (code) do update set name=excluded.name,name_ar=excluded.name_ar,system_code=excluded.system_code,page_code=excluded.page_code,action_code=excluded.action_code,category=excluded.category,is_sensitive=excluded.is_sensitive,is_active=true,sort_order=excluded.sort_order,updated_at=now();
insert into core.permissions(code,name,name_ar,system_code,page_code,action_code,category,is_sensitive,is_active,sort_order,updated_at) values ('settings.users.create','إضافة مستخدم','إضافة مستخدم','core','users','create','settings',true,true,11,now()) on conflict (code) do update set name=excluded.name,name_ar=excluded.name_ar,system_code=excluded.system_code,page_code=excluded.page_code,action_code=excluded.action_code,category=excluded.category,is_sensitive=excluded.is_sensitive,is_active=true,sort_order=excluded.sort_order,updated_at=now();
insert into core.permissions(code,name,name_ar,system_code,page_code,action_code,category,is_sensitive,is_active,sort_order,updated_at) values ('settings.users.update','تعديل مستخدم','تعديل مستخدم','core','users','update','settings',true,true,12,now()) on conflict (code) do update set name=excluded.name,name_ar=excluded.name_ar,system_code=excluded.system_code,page_code=excluded.page_code,action_code=excluded.action_code,category=excluded.category,is_sensitive=excluded.is_sensitive,is_active=true,sort_order=excluded.sort_order,updated_at=now();
insert into core.permissions(code,name,name_ar,system_code,page_code,action_code,category,is_sensitive,is_active,sort_order,updated_at) values ('settings.users.disable','تعطيل وإعادة تفعيل مستخدم','تعطيل وإعادة تفعيل مستخدم','core','users','disable','settings',true,true,13,now()) on conflict (code) do update set name=excluded.name,name_ar=excluded.name_ar,system_code=excluded.system_code,page_code=excluded.page_code,action_code=excluded.action_code,category=excluded.category,is_sensitive=excluded.is_sensitive,is_active=true,sort_order=excluded.sort_order,updated_at=now();
insert into core.permissions(code,name,name_ar,system_code,page_code,action_code,category,is_sensitive,is_active,sort_order,updated_at) values ('system.crm.access','الدخول إلى نظام CRM','الدخول إلى نظام CRM','crm',null,'access','system',false,true,4,now()) on conflict (code) do update set name=excluded.name,name_ar=excluded.name_ar,system_code=excluded.system_code,page_code=excluded.page_code,action_code=excluded.action_code,category=excluded.category,is_sensitive=excluded.is_sensitive,is_active=true,sort_order=excluded.sort_order,updated_at=now();
insert into core.permissions(code,name,name_ar,system_code,page_code,action_code,category,is_sensitive,is_active,sort_order,updated_at) values ('crm.dashboard.view','مشاهدة داش بورد CRM','مشاهدة داش بورد CRM','crm','dashboard','view','page',false,true,400,now()) on conflict (code) do update set name=excluded.name,name_ar=excluded.name_ar,system_code=excluded.system_code,page_code=excluded.page_code,action_code=excluded.action_code,category=excluded.category,is_sensitive=excluded.is_sensitive,is_active=true,sort_order=excluded.sort_order,updated_at=now();
insert into core.permissions(code,name,name_ar,system_code,page_code,action_code,category,is_sensitive,is_active,sort_order,updated_at) values ('crm.database.view','مشاهدة قاعدة بيانات العملاء','مشاهدة قاعدة بيانات العملاء','crm','database','view','page',false,true,410,now()) on conflict (code) do update set name=excluded.name,name_ar=excluded.name_ar,system_code=excluded.system_code,page_code=excluded.page_code,action_code=excluded.action_code,category=excluded.category,is_sensitive=excluded.is_sensitive,is_active=true,sort_order=excluded.sort_order,updated_at=now();
insert into core.permissions(code,name,name_ar,system_code,page_code,action_code,category,is_sensitive,is_active,sort_order,updated_at) values ('crm.customer.view','فتح بيانات العميل','فتح بيانات العميل','crm','database','customer_view','action',false,true,411,now()) on conflict (code) do update set name=excluded.name,name_ar=excluded.name_ar,system_code=excluded.system_code,page_code=excluded.page_code,action_code=excluded.action_code,category=excluded.category,is_sensitive=excluded.is_sensitive,is_active=true,sort_order=excluded.sort_order,updated_at=now();
insert into core.permissions(code,name,name_ar,system_code,page_code,action_code,category,is_sensitive,is_active,sort_order,updated_at) values ('crm.customer.update','تعديل بيانات العميل','تعديل بيانات العميل','crm','database','update','action',false,true,413,now()) on conflict (code) do update set name=excluded.name,name_ar=excluded.name_ar,system_code=excluded.system_code,page_code=excluded.page_code,action_code=excluded.action_code,category=excluded.category,is_sensitive=excluded.is_sensitive,is_active=true,sort_order=excluded.sort_order,updated_at=now();
insert into core.permissions(code,name,name_ar,system_code,page_code,action_code,category,is_sensitive,is_active,sort_order,updated_at) values ('crm.customer.change_status','تغيير حالة العميل','تغيير حالة العميل','crm','database','change_status','action',false,true,414,now()) on conflict (code) do update set name=excluded.name,name_ar=excluded.name_ar,system_code=excluded.system_code,page_code=excluded.page_code,action_code=excluded.action_code,category=excluded.category,is_sensitive=excluded.is_sensitive,is_active=true,sort_order=excluded.sort_order,updated_at=now();
insert into core.permissions(code,name,name_ar,system_code,page_code,action_code,category,is_sensitive,is_active,sort_order,updated_at) values ('crm.customer.add_note','إضافة ملاحظة للعميل','إضافة ملاحظة للعميل','crm','database','add_note','action',false,true,415,now()) on conflict (code) do update set name=excluded.name,name_ar=excluded.name_ar,system_code=excluded.system_code,page_code=excluded.page_code,action_code=excluded.action_code,category=excluded.category,is_sensitive=excluded.is_sensitive,is_active=true,sort_order=excluded.sort_order,updated_at=now();
insert into core.permissions(code,name,name_ar,system_code,page_code,action_code,category,is_sensitive,is_active,sort_order,updated_at) values ('crm.customer.change_owner','تغيير مسؤول العميل','تغيير مسؤول العميل','crm','database','change_owner','action',true,true,416,now()) on conflict (code) do update set name=excluded.name,name_ar=excluded.name_ar,system_code=excluded.system_code,page_code=excluded.page_code,action_code=excluded.action_code,category=excluded.category,is_sensitive=excluded.is_sensitive,is_active=true,sort_order=excluded.sort_order,updated_at=now();
insert into core.permissions(code,name,name_ar,system_code,page_code,action_code,category,is_sensitive,is_active,sort_order,updated_at) values ('crm.customer.transfer','نقل العميل','نقل العميل','crm','database','transfer','action',true,true,417,now()) on conflict (code) do update set name=excluded.name,name_ar=excluded.name_ar,system_code=excluded.system_code,page_code=excluded.page_code,action_code=excluded.action_code,category=excluded.category,is_sensitive=excluded.is_sensitive,is_active=true,sort_order=excluded.sort_order,updated_at=now();
insert into core.permissions(code,name,name_ar,system_code,page_code,action_code,category,is_sensitive,is_active,sort_order,updated_at) values ('crm.customer.delete','حذف العميل','حذف العميل','crm','database','delete','action',true,true,418,now()) on conflict (code) do update set name=excluded.name,name_ar=excluded.name_ar,system_code=excluded.system_code,page_code=excluded.page_code,action_code=excluded.action_code,category=excluded.category,is_sensitive=excluded.is_sensitive,is_active=true,sort_order=excluded.sort_order,updated_at=now();
insert into core.permissions(code,name,name_ar,system_code,page_code,action_code,category,is_sensitive,is_active,sort_order,updated_at) values ('crm.customer.export','تصدير العملاء','تصدير العملاء','crm','database','export','action',true,true,419,now()) on conflict (code) do update set name=excluded.name,name_ar=excluded.name_ar,system_code=excluded.system_code,page_code=excluded.page_code,action_code=excluded.action_code,category=excluded.category,is_sensitive=excluded.is_sensitive,is_active=true,sort_order=excluded.sort_order,updated_at=now();
insert into core.permissions(code,name,name_ar,system_code,page_code,action_code,category,is_sensitive,is_active,sort_order,updated_at) values ('crm.finance_history.view','مشاهدة سجل عملاء التمويل','مشاهدة سجل عملاء التمويل','crm','finance_history','view','page',false,true,430,now()) on conflict (code) do update set name=excluded.name,name_ar=excluded.name_ar,system_code=excluded.system_code,page_code=excluded.page_code,action_code=excluded.action_code,category=excluded.category,is_sensitive=excluded.is_sensitive,is_active=true,sort_order=excluded.sort_order,updated_at=now();
insert into core.permissions(code,name,name_ar,system_code,page_code,action_code,category,is_sensitive,is_active,sort_order,updated_at) values ('crm.inbox.view','مشاهدة صندوق الوارد','مشاهدة صندوق الوارد','crm','inbox','view','page',false,true,440,now()) on conflict (code) do update set name=excluded.name,name_ar=excluded.name_ar,system_code=excluded.system_code,page_code=excluded.page_code,action_code=excluded.action_code,category=excluded.category,is_sensitive=excluded.is_sensitive,is_active=true,sort_order=excluded.sort_order,updated_at=now();
insert into core.permissions(code,name,name_ar,system_code,page_code,action_code,category,is_sensitive,is_active,sort_order,updated_at) values ('crm.conversation.view','فتح المحادثة','فتح المحادثة','crm','inbox','conversation_view','action',false,true,441,now()) on conflict (code) do update set name=excluded.name,name_ar=excluded.name_ar,system_code=excluded.system_code,page_code=excluded.page_code,action_code=excluded.action_code,category=excluded.category,is_sensitive=excluded.is_sensitive,is_active=true,sort_order=excluded.sort_order,updated_at=now();
insert into core.permissions(code,name,name_ar,system_code,page_code,action_code,category,is_sensitive,is_active,sort_order,updated_at) values ('crm.conversation.send_text','إرسال نص','إرسال نص','crm','inbox','send_text','action',false,true,442,now()) on conflict (code) do update set name=excluded.name,name_ar=excluded.name_ar,system_code=excluded.system_code,page_code=excluded.page_code,action_code=excluded.action_code,category=excluded.category,is_sensitive=excluded.is_sensitive,is_active=true,sort_order=excluded.sort_order,updated_at=now();
insert into core.permissions(code,name,name_ar,system_code,page_code,action_code,category,is_sensitive,is_active,sort_order,updated_at) values ('crm.conversation.send_template','إرسال قالب','إرسال قالب','crm','inbox','send_template','action',false,true,443,now()) on conflict (code) do update set name=excluded.name,name_ar=excluded.name_ar,system_code=excluded.system_code,page_code=excluded.page_code,action_code=excluded.action_code,category=excluded.category,is_sensitive=excluded.is_sensitive,is_active=true,sort_order=excluded.sort_order,updated_at=now();
insert into core.permissions(code,name,name_ar,system_code,page_code,action_code,category,is_sensitive,is_active,sort_order,updated_at) values ('crm.conversation.send_media','إرسال وسائط','إرسال وسائط','crm','inbox','send_media','action',false,true,444,now()) on conflict (code) do update set name=excluded.name,name_ar=excluded.name_ar,system_code=excluded.system_code,page_code=excluded.page_code,action_code=excluded.action_code,category=excluded.category,is_sensitive=excluded.is_sensitive,is_active=true,sort_order=excluded.sort_order,updated_at=now();
insert into core.permissions(code,name,name_ar,system_code,page_code,action_code,category,is_sensitive,is_active,sort_order,updated_at) values ('crm.conversation.download_attachment','تحميل مرفق','تحميل مرفق','crm','inbox','download_attachment','action',false,true,445,now()) on conflict (code) do update set name=excluded.name,name_ar=excluded.name_ar,system_code=excluded.system_code,page_code=excluded.page_code,action_code=excluded.action_code,category=excluded.category,is_sensitive=excluded.is_sensitive,is_active=true,sort_order=excluded.sort_order,updated_at=now();
insert into core.permissions(code,name,name_ar,system_code,page_code,action_code,category,is_sensitive,is_active,sort_order,updated_at) values ('crm.conversation.mark_read','تغيير حالة القراءة','تغيير حالة القراءة','crm','inbox','mark_read','action',false,true,446,now()) on conflict (code) do update set name=excluded.name,name_ar=excluded.name_ar,system_code=excluded.system_code,page_code=excluded.page_code,action_code=excluded.action_code,category=excluded.category,is_sensitive=excluded.is_sensitive,is_active=true,sort_order=excluded.sort_order,updated_at=now();
insert into core.permissions(code,name,name_ar,system_code,page_code,action_code,category,is_sensitive,is_active,sort_order,updated_at) values ('crm.inbox_agent.view','مشاهدة وكيل صندوق الوارد','مشاهدة وكيل صندوق الوارد','crm','inbox_agent','view','page',false,true,450,now()) on conflict (code) do update set name=excluded.name,name_ar=excluded.name_ar,system_code=excluded.system_code,page_code=excluded.page_code,action_code=excluded.action_code,category=excluded.category,is_sensitive=excluded.is_sensitive,is_active=true,sort_order=excluded.sort_order,updated_at=now();
insert into core.permissions(code,name,name_ar,system_code,page_code,action_code,category,is_sensitive,is_active,sort_order,updated_at) values ('crm.inbox_agent.manage','إدارة وكيل صندوق الوارد','إدارة وكيل صندوق الوارد','crm','inbox_agent','manage','action',true,true,451,now()) on conflict (code) do update set name=excluded.name,name_ar=excluded.name_ar,system_code=excluded.system_code,page_code=excluded.page_code,action_code=excluded.action_code,category=excluded.category,is_sensitive=excluded.is_sensitive,is_active=true,sort_order=excluded.sort_order,updated_at=now();
insert into core.permissions(code,name,name_ar,system_code,page_code,action_code,category,is_sensitive,is_active,sort_order,updated_at) values ('crm.kpi.view','مشاهدة KPI','مشاهدة KPI','crm','kpi','view','page',false,true,480,now()) on conflict (code) do update set name=excluded.name,name_ar=excluded.name_ar,system_code=excluded.system_code,page_code=excluded.page_code,action_code=excluded.action_code,category=excluded.category,is_sensitive=excluded.is_sensitive,is_active=true,sort_order=excluded.sort_order,updated_at=now();
insert into core.permissions(code,name,name_ar,system_code,page_code,action_code,category,is_sensitive,is_active,sort_order,updated_at) values ('crm.kpi.manage','إضافة وتعديل تقييمات المناديب','إضافة وتعديل تقييمات المناديب','crm','kpi','manage','action',true,true,481,now()) on conflict (code) do update set name=excluded.name,name_ar=excluded.name_ar,system_code=excluded.system_code,page_code=excluded.page_code,action_code=excluded.action_code,category=excluded.category,is_sensitive=excluded.is_sensitive,is_active=true,sort_order=excluded.sort_order,updated_at=now();
insert into core.permissions(code,name,name_ar,system_code,page_code,action_code,category,is_sensitive,is_active,sort_order,updated_at) values ('crm.kpi.export','تصدير تقارير KPI','تصدير تقارير KPI','crm','kpi','export','action',true,true,482,now()) on conflict (code) do update set name=excluded.name,name_ar=excluded.name_ar,system_code=excluded.system_code,page_code=excluded.page_code,action_code=excluded.action_code,category=excluded.category,is_sensitive=excluded.is_sensitive,is_active=true,sort_order=excluded.sort_order,updated_at=now();
insert into core.permissions(code,name,name_ar,system_code,page_code,action_code,category,is_sensitive,is_active,sort_order,updated_at) values ('crm.customer.create','إضافة عميل','إضافة عميل','crm','manual_leads','create','action',false,true,412,now()) on conflict (code) do update set name=excluded.name,name_ar=excluded.name_ar,system_code=excluded.system_code,page_code=excluded.page_code,action_code=excluded.action_code,category=excluded.category,is_sensitive=excluded.is_sensitive,is_active=true,sort_order=excluded.sort_order,updated_at=now();
insert into core.permissions(code,name,name_ar,system_code,page_code,action_code,category,is_sensitive,is_active,sort_order,updated_at) values ('crm.manual_leads.view','فتح صفحة إضافة العملاء','فتح صفحة إضافة العملاء','crm','manual_leads','view','page',false,true,420,now()) on conflict (code) do update set name=excluded.name,name_ar=excluded.name_ar,system_code=excluded.system_code,page_code=excluded.page_code,action_code=excluded.action_code,category=excluded.category,is_sensitive=excluded.is_sensitive,is_active=true,sort_order=excluded.sort_order,updated_at=now();
insert into core.permissions(code,name,name_ar,system_code,page_code,action_code,category,is_sensitive,is_active,sort_order,updated_at) values ('crm.manual_lead.create','إنشاء طلب إضافة عميل','إنشاء طلب إضافة عميل','crm','manual_leads','create_request','action',false,true,421,now()) on conflict (code) do update set name=excluded.name,name_ar=excluded.name_ar,system_code=excluded.system_code,page_code=excluded.page_code,action_code=excluded.action_code,category=excluded.category,is_sensitive=excluded.is_sensitive,is_active=true,sort_order=excluded.sort_order,updated_at=now();
insert into core.permissions(code,name,name_ar,system_code,page_code,action_code,category,is_sensitive,is_active,sort_order,updated_at) values ('crm.manual_lead.approve_duplicate','اعتماد أو رفض العميل المكرر','اعتماد أو رفض العميل المكرر','crm','manual_leads','approve_duplicate','action',true,true,422,now()) on conflict (code) do update set name=excluded.name,name_ar=excluded.name_ar,system_code=excluded.system_code,page_code=excluded.page_code,action_code=excluded.action_code,category=excluded.category,is_sensitive=excluded.is_sensitive,is_active=true,sort_order=excluded.sort_order,updated_at=now();
insert into core.permissions(code,name,name_ar,system_code,page_code,action_code,category,is_sensitive,is_active,sort_order,updated_at) values ('crm.manual_lead.delete','حذف طلب إضافة عميل','حذف طلب إضافة عميل','crm','manual_leads','delete_request','action',true,true,423,now()) on conflict (code) do update set name=excluded.name,name_ar=excluded.name_ar,system_code=excluded.system_code,page_code=excluded.page_code,action_code=excluded.action_code,category=excluded.category,is_sensitive=excluded.is_sensitive,is_active=true,sort_order=excluded.sort_order,updated_at=now();
insert into core.permissions(code,name,name_ar,system_code,page_code,action_code,category,is_sensitive,is_active,sort_order,updated_at) values ('crm.ownership.view','مشاهدة سجل ملكية العملاء','مشاهدة سجل ملكية العملاء','crm','ownership','view','page',false,true,460,now()) on conflict (code) do update set name=excluded.name,name_ar=excluded.name_ar,system_code=excluded.system_code,page_code=excluded.page_code,action_code=excluded.action_code,category=excluded.category,is_sensitive=excluded.is_sensitive,is_active=true,sort_order=excluded.sort_order,updated_at=now();
insert into core.permissions(code,name,name_ar,system_code,page_code,action_code,category,is_sensitive,is_active,sort_order,updated_at) values ('crm.reports.view','مشاهدة تقارير CRM','مشاهدة تقارير CRM','crm','reports','view','page',false,true,470,now()) on conflict (code) do update set name=excluded.name,name_ar=excluded.name_ar,system_code=excluded.system_code,page_code=excluded.page_code,action_code=excluded.action_code,category=excluded.category,is_sensitive=excluded.is_sensitive,is_active=true,sort_order=excluded.sort_order,updated_at=now();
insert into core.permissions(code,name,name_ar,system_code,page_code,action_code,category,is_sensitive,is_active,sort_order,updated_at) values ('crm.reports.export','تصدير تقارير CRM','تصدير تقارير CRM','crm','reports','export','action',true,true,471,now()) on conflict (code) do update set name=excluded.name,name_ar=excluded.name_ar,system_code=excluded.system_code,page_code=excluded.page_code,action_code=excluded.action_code,category=excluded.category,is_sensitive=excluded.is_sensitive,is_active=true,sort_order=excluded.sort_order,updated_at=now();
insert into core.permissions(code,name,name_ar,system_code,page_code,action_code,category,is_sensitive,is_active,sort_order,updated_at) values ('crm.settings.view','مشاهدة إعدادات CRM','مشاهدة إعدادات CRM','crm','settings','view','page',true,true,490,now()) on conflict (code) do update set name=excluded.name,name_ar=excluded.name_ar,system_code=excluded.system_code,page_code=excluded.page_code,action_code=excluded.action_code,category=excluded.category,is_sensitive=excluded.is_sensitive,is_active=true,sort_order=excluded.sort_order,updated_at=now();
insert into core.permissions(code,name,name_ar,system_code,page_code,action_code,category,is_sensitive,is_active,sort_order,updated_at) values ('crm.settings.manage','تعديل إعدادات CRM','تعديل إعدادات CRM','crm','settings','manage','action',true,true,491,now()) on conflict (code) do update set name=excluded.name,name_ar=excluded.name_ar,system_code=excluded.system_code,page_code=excluded.page_code,action_code=excluded.action_code,category=excluded.category,is_sensitive=excluded.is_sensitive,is_active=true,sort_order=excluded.sort_order,updated_at=now();
insert into core.permissions(code,name,name_ar,system_code,page_code,action_code,category,is_sensitive,is_active,sort_order,updated_at) values ('system.marketing.access','الدخول إلى نظام التسويق','الدخول إلى نظام التسويق','marketing',null,'access','system',false,true,3,now()) on conflict (code) do update set name=excluded.name,name_ar=excluded.name_ar,system_code=excluded.system_code,page_code=excluded.page_code,action_code=excluded.action_code,category=excluded.category,is_sensitive=excluded.is_sensitive,is_active=true,sort_order=excluded.sort_order,updated_at=now();
insert into core.permissions(code,name,name_ar,system_code,page_code,action_code,category,is_sensitive,is_active,sort_order,updated_at) values ('marketing.agenda.view','مشاهدة الأجندة','مشاهدة الأجندة','marketing','agenda','view','page',false,true,330,now()) on conflict (code) do update set name=excluded.name,name_ar=excluded.name_ar,system_code=excluded.system_code,page_code=excluded.page_code,action_code=excluded.action_code,category=excluded.category,is_sensitive=excluded.is_sensitive,is_active=true,sort_order=excluded.sort_order,updated_at=now();
insert into core.permissions(code,name,name_ar,system_code,page_code,action_code,category,is_sensitive,is_active,sort_order,updated_at) values ('marketing.agenda.create','إنشاء أجندة','إنشاء أجندة','marketing','agenda','create','action',false,true,331,now()) on conflict (code) do update set name=excluded.name,name_ar=excluded.name_ar,system_code=excluded.system_code,page_code=excluded.page_code,action_code=excluded.action_code,category=excluded.category,is_sensitive=excluded.is_sensitive,is_active=true,sort_order=excluded.sort_order,updated_at=now();
insert into core.permissions(code,name,name_ar,system_code,page_code,action_code,category,is_sensitive,is_active,sort_order,updated_at) values ('marketing.agenda.edit','تعديل أجندة','تعديل أجندة','marketing','agenda','edit','action',false,true,332,now()) on conflict (code) do update set name=excluded.name,name_ar=excluded.name_ar,system_code=excluded.system_code,page_code=excluded.page_code,action_code=excluded.action_code,category=excluded.category,is_sensitive=excluded.is_sensitive,is_active=true,sort_order=excluded.sort_order,updated_at=now();
insert into core.permissions(code,name,name_ar,system_code,page_code,action_code,category,is_sensitive,is_active,sort_order,updated_at) values ('marketing.agenda.delete','حذف أجندة','حذف أجندة','marketing','agenda','delete','action',true,true,333,now()) on conflict (code) do update set name=excluded.name,name_ar=excluded.name_ar,system_code=excluded.system_code,page_code=excluded.page_code,action_code=excluded.action_code,category=excluded.category,is_sensitive=excluded.is_sensitive,is_active=true,sort_order=excluded.sort_order,updated_at=now();
insert into core.permissions(code,name,name_ar,system_code,page_code,action_code,category,is_sensitive,is_active,sort_order,updated_at) values ('marketing.calendar.view','مشاهدة التقويم','مشاهدة التقويم','marketing','calendar','view','page',false,true,350,now()) on conflict (code) do update set name=excluded.name,name_ar=excluded.name_ar,system_code=excluded.system_code,page_code=excluded.page_code,action_code=excluded.action_code,category=excluded.category,is_sensitive=excluded.is_sensitive,is_active=true,sort_order=excluded.sort_order,updated_at=now();
insert into core.permissions(code,name,name_ar,system_code,page_code,action_code,category,is_sensitive,is_active,sort_order,updated_at) values ('marketing.campaigns.view','مشاهدة الحملات','مشاهدة الحملات','marketing','campaigns','view','page',false,true,310,now()) on conflict (code) do update set name=excluded.name,name_ar=excluded.name_ar,system_code=excluded.system_code,page_code=excluded.page_code,action_code=excluded.action_code,category=excluded.category,is_sensitive=excluded.is_sensitive,is_active=true,sort_order=excluded.sort_order,updated_at=now();
insert into core.permissions(code,name,name_ar,system_code,page_code,action_code,category,is_sensitive,is_active,sort_order,updated_at) values ('marketing.campaign.create','إنشاء حملة','إنشاء حملة','marketing','campaigns','create','action',false,true,311,now()) on conflict (code) do update set name=excluded.name,name_ar=excluded.name_ar,system_code=excluded.system_code,page_code=excluded.page_code,action_code=excluded.action_code,category=excluded.category,is_sensitive=excluded.is_sensitive,is_active=true,sort_order=excluded.sort_order,updated_at=now();
insert into core.permissions(code,name,name_ar,system_code,page_code,action_code,category,is_sensitive,is_active,sort_order,updated_at) values ('marketing.campaign.edit','تعديل حملة','تعديل حملة','marketing','campaigns','edit','action',false,true,312,now()) on conflict (code) do update set name=excluded.name,name_ar=excluded.name_ar,system_code=excluded.system_code,page_code=excluded.page_code,action_code=excluded.action_code,category=excluded.category,is_sensitive=excluded.is_sensitive,is_active=true,sort_order=excluded.sort_order,updated_at=now();
insert into core.permissions(code,name,name_ar,system_code,page_code,action_code,category,is_sensitive,is_active,sort_order,updated_at) values ('marketing.campaign.delete','حذف حملة','حذف حملة','marketing','campaigns','delete','action',true,true,313,now()) on conflict (code) do update set name=excluded.name,name_ar=excluded.name_ar,system_code=excluded.system_code,page_code=excluded.page_code,action_code=excluded.action_code,category=excluded.category,is_sensitive=excluded.is_sensitive,is_active=true,sort_order=excluded.sort_order,updated_at=now();
insert into core.permissions(code,name,name_ar,system_code,page_code,action_code,category,is_sensitive,is_active,sort_order,updated_at) values ('marketing.structure.approve','اعتماد الهيكل','اعتماد الهيكل','marketing','campaigns','structure_approve','workflow',true,true,314,now()) on conflict (code) do update set name=excluded.name,name_ar=excluded.name_ar,system_code=excluded.system_code,page_code=excluded.page_code,action_code=excluded.action_code,category=excluded.category,is_sensitive=excluded.is_sensitive,is_active=true,sort_order=excluded.sort_order,updated_at=now();
insert into core.permissions(code,name,name_ar,system_code,page_code,action_code,category,is_sensitive,is_active,sort_order,updated_at) values ('marketing.structure.reject','رفض الهيكل','رفض الهيكل','marketing','campaigns','structure_reject','workflow',true,true,315,now()) on conflict (code) do update set name=excluded.name,name_ar=excluded.name_ar,system_code=excluded.system_code,page_code=excluded.page_code,action_code=excluded.action_code,category=excluded.category,is_sensitive=excluded.is_sensitive,is_active=true,sort_order=excluded.sort_order,updated_at=now();
insert into core.permissions(code,name,name_ar,system_code,page_code,action_code,category,is_sensitive,is_active,sort_order,updated_at) values ('marketing.task_template.download','تحميل قالب Task Template','تحميل قالب Task Template','marketing','campaigns','task_template_download','action',false,true,316,now()) on conflict (code) do update set name=excluded.name,name_ar=excluded.name_ar,system_code=excluded.system_code,page_code=excluded.page_code,action_code=excluded.action_code,category=excluded.category,is_sensitive=excluded.is_sensitive,is_active=true,sort_order=excluded.sort_order,updated_at=now();
insert into core.permissions(code,name,name_ar,system_code,page_code,action_code,category,is_sensitive,is_active,sort_order,updated_at) values ('marketing.task_template.upload','رفع Task Template','رفع Task Template','marketing','campaigns','task_template_upload','action',false,true,317,now()) on conflict (code) do update set name=excluded.name,name_ar=excluded.name_ar,system_code=excluded.system_code,page_code=excluded.page_code,action_code=excluded.action_code,category=excluded.category,is_sensitive=excluded.is_sensitive,is_active=true,sort_order=excluded.sort_order,updated_at=now();
insert into core.permissions(code,name,name_ar,system_code,page_code,action_code,category,is_sensitive,is_active,sort_order,updated_at) values ('marketing.task_template.reupload','إعادة رفع Task Template','إعادة رفع Task Template','marketing','campaigns','task_template_reupload','action',false,true,318,now()) on conflict (code) do update set name=excluded.name,name_ar=excluded.name_ar,system_code=excluded.system_code,page_code=excluded.page_code,action_code=excluded.action_code,category=excluded.category,is_sensitive=excluded.is_sensitive,is_active=true,sort_order=excluded.sort_order,updated_at=now();
insert into core.permissions(code,name,name_ar,system_code,page_code,action_code,category,is_sensitive,is_active,sort_order,updated_at) values ('marketing.task_template.approve','اعتماد Task Template','اعتماد Task Template','marketing','campaigns','task_template_approve','workflow',true,true,319,now()) on conflict (code) do update set name=excluded.name,name_ar=excluded.name_ar,system_code=excluded.system_code,page_code=excluded.page_code,action_code=excluded.action_code,category=excluded.category,is_sensitive=excluded.is_sensitive,is_active=true,sort_order=excluded.sort_order,updated_at=now();
insert into core.permissions(code,name,name_ar,system_code,page_code,action_code,category,is_sensitive,is_active,sort_order,updated_at) values ('marketing.assignment_actions.execute','تنفيذ إجراء تكليف مسند','تنفيذ إجراء تكليف مسند','marketing','campaigns','assignment_execute','workflow',false,true,320,now()) on conflict (code) do update set name=excluded.name,name_ar=excluded.name_ar,system_code=excluded.system_code,page_code=excluded.page_code,action_code=excluded.action_code,category=excluded.category,is_sensitive=excluded.is_sensitive,is_active=true,sort_order=excluded.sort_order,updated_at=now();
insert into core.permissions(code,name,name_ar,system_code,page_code,action_code,category,is_sensitive,is_active,sort_order,updated_at) values ('marketing.assignment_actions.approve','اعتماد إجراءات التكليف','اعتماد إجراءات التكليف','marketing','campaigns','assignment_approve','workflow',true,true,321,now()) on conflict (code) do update set name=excluded.name,name_ar=excluded.name_ar,system_code=excluded.system_code,page_code=excluded.page_code,action_code=excluded.action_code,category=excluded.category,is_sensitive=excluded.is_sensitive,is_active=true,sort_order=excluded.sort_order,updated_at=now();
insert into core.permissions(code,name,name_ar,system_code,page_code,action_code,category,is_sensitive,is_active,sort_order,updated_at) values ('marketing.final_file.upload','رفع الملف النهائي','رفع الملف النهائي','marketing','campaigns','final_file_upload','action',false,true,322,now()) on conflict (code) do update set name=excluded.name,name_ar=excluded.name_ar,system_code=excluded.system_code,page_code=excluded.page_code,action_code=excluded.action_code,category=excluded.category,is_sensitive=excluded.is_sensitive,is_active=true,sort_order=excluded.sort_order,updated_at=now();
insert into core.permissions(code,name,name_ar,system_code,page_code,action_code,category,is_sensitive,is_active,sort_order,updated_at) values ('marketing.task.reopen','إعادة فتح التاسك','إعادة فتح التاسك','marketing','campaigns','task_reopen','workflow',true,true,323,now()) on conflict (code) do update set name=excluded.name,name_ar=excluded.name_ar,system_code=excluded.system_code,page_code=excluded.page_code,action_code=excluded.action_code,category=excluded.category,is_sensitive=excluded.is_sensitive,is_active=true,sort_order=excluded.sort_order,updated_at=now();
insert into core.permissions(code,name,name_ar,system_code,page_code,action_code,category,is_sensitive,is_active,sort_order,updated_at) values ('marketing.dashboard.view','مشاهدة لوحة التسويق','مشاهدة لوحة التسويق','marketing','dashboard','view','page',false,true,300,now()) on conflict (code) do update set name=excluded.name,name_ar=excluded.name_ar,system_code=excluded.system_code,page_code=excluded.page_code,action_code=excluded.action_code,category=excluded.category,is_sensitive=excluded.is_sensitive,is_active=true,sort_order=excluded.sort_order,updated_at=now();
insert into core.permissions(code,name,name_ar,system_code,page_code,action_code,category,is_sensitive,is_active,sort_order,updated_at) values ('marketing.publishing.view','مشاهدة تجهيز النشر','مشاهدة تجهيز النشر','marketing','publishing','view','page',false,true,340,now()) on conflict (code) do update set name=excluded.name,name_ar=excluded.name_ar,system_code=excluded.system_code,page_code=excluded.page_code,action_code=excluded.action_code,category=excluded.category,is_sensitive=excluded.is_sensitive,is_active=true,sort_order=excluded.sort_order,updated_at=now();
insert into core.permissions(code,name,name_ar,system_code,page_code,action_code,category,is_sensitive,is_active,sort_order,updated_at) values ('marketing.publishing.manage','تعديل تجهيز وجدولة النشر','تعديل تجهيز وجدولة النشر','marketing','publishing','manage','action',true,true,341,now()) on conflict (code) do update set name=excluded.name,name_ar=excluded.name_ar,system_code=excluded.system_code,page_code=excluded.page_code,action_code=excluded.action_code,category=excluded.category,is_sensitive=excluded.is_sensitive,is_active=true,sort_order=excluded.sort_order,updated_at=now();
insert into core.permissions(code,name,name_ar,system_code,page_code,action_code,category,is_sensitive,is_active,sort_order,updated_at) values ('marketing.settings.view','مشاهدة إعدادات التسويق','مشاهدة إعدادات التسويق','marketing','settings','view','page',false,true,360,now()) on conflict (code) do update set name=excluded.name,name_ar=excluded.name_ar,system_code=excluded.system_code,page_code=excluded.page_code,action_code=excluded.action_code,category=excluded.category,is_sensitive=excluded.is_sensitive,is_active=true,sort_order=excluded.sort_order,updated_at=now();
insert into core.permissions(code,name,name_ar,system_code,page_code,action_code,category,is_sensitive,is_active,sort_order,updated_at) values ('marketing.settings.manage','تعديل إعدادات التسويق','تعديل إعدادات التسويق','marketing','settings','manage','action',true,true,361,now()) on conflict (code) do update set name=excluded.name,name_ar=excluded.name_ar,system_code=excluded.system_code,page_code=excluded.page_code,action_code=excluded.action_code,category=excluded.category,is_sensitive=excluded.is_sensitive,is_active=true,sort_order=excluded.sort_order,updated_at=now();
insert into core.permissions(code,name,name_ar,system_code,page_code,action_code,category,is_sensitive,is_active,sort_order,updated_at) values ('system.operations.access','الدخول إلى نظام العمليات','الدخول إلى نظام العمليات','operations',null,'access','system',false,true,1,now()) on conflict (code) do update set name=excluded.name,name_ar=excluded.name_ar,system_code=excluded.system_code,page_code=excluded.page_code,action_code=excluded.action_code,category=excluded.category,is_sensitive=excluded.is_sensitive,is_active=true,sort_order=excluded.sort_order,updated_at=now();
insert into core.permissions(code,name,name_ar,system_code,page_code,action_code,category,is_sensitive,is_active,sort_order,updated_at) values ('operations.dashboard.view','مشاهدة داش بورد العمليات','مشاهدة داش بورد العمليات','operations','dashboard','view','page',false,true,100,now()) on conflict (code) do update set name=excluded.name,name_ar=excluded.name_ar,system_code=excluded.system_code,page_code=excluded.page_code,action_code=excluded.action_code,category=excluded.category,is_sensitive=excluded.is_sensitive,is_active=true,sort_order=excluded.sort_order,updated_at=now();
insert into core.permissions(code,name,name_ar,system_code,page_code,action_code,category,is_sensitive,is_active,sort_order,updated_at) values ('operations.database.view','مشاهدة السيارات والمخزون','مشاهدة السيارات والمخزون','operations','database','view','page',false,true,110,now()) on conflict (code) do update set name=excluded.name,name_ar=excluded.name_ar,system_code=excluded.system_code,page_code=excluded.page_code,action_code=excluded.action_code,category=excluded.category,is_sensitive=excluded.is_sensitive,is_active=true,sort_order=excluded.sort_order,updated_at=now();
insert into core.permissions(code,name,name_ar,system_code,page_code,action_code,category,is_sensitive,is_active,sort_order,updated_at) values ('operations.vehicle.create','إضافة سيارة','إضافة سيارة','operations','database','create','action',true,true,111,now()) on conflict (code) do update set name=excluded.name,name_ar=excluded.name_ar,system_code=excluded.system_code,page_code=excluded.page_code,action_code=excluded.action_code,category=excluded.category,is_sensitive=excluded.is_sensitive,is_active=true,sort_order=excluded.sort_order,updated_at=now();
insert into core.permissions(code,name,name_ar,system_code,page_code,action_code,category,is_sensitive,is_active,sort_order,updated_at) values ('operations.vehicle.update','تعديل سيارة','تعديل سيارة','operations','database','update','action',true,true,112,now()) on conflict (code) do update set name=excluded.name,name_ar=excluded.name_ar,system_code=excluded.system_code,page_code=excluded.page_code,action_code=excluded.action_code,category=excluded.category,is_sensitive=excluded.is_sensitive,is_active=true,sort_order=excluded.sort_order,updated_at=now();
insert into core.permissions(code,name,name_ar,system_code,page_code,action_code,category,is_sensitive,is_active,sort_order,updated_at) values ('operations.vehicle.delete','حذف سيارة','حذف سيارة','operations','database','delete','action',true,true,113,now()) on conflict (code) do update set name=excluded.name,name_ar=excluded.name_ar,system_code=excluded.system_code,page_code=excluded.page_code,action_code=excluded.action_code,category=excluded.category,is_sensitive=excluded.is_sensitive,is_active=true,sort_order=excluded.sort_order,updated_at=now();
insert into core.permissions(code,name,name_ar,system_code,page_code,action_code,category,is_sensitive,is_active,sort_order,updated_at) values ('operations.vehicle.export','تصدير السيارات','تصدير السيارات','operations','database','export','action',true,true,114,now()) on conflict (code) do update set name=excluded.name,name_ar=excluded.name_ar,system_code=excluded.system_code,page_code=excluded.page_code,action_code=excluded.action_code,category=excluded.category,is_sensitive=excluded.is_sensitive,is_active=true,sort_order=excluded.sort_order,updated_at=now();
insert into core.permissions(code,name,name_ar,system_code,page_code,action_code,category,is_sensitive,is_active,sort_order,updated_at) values ('operations.history.view','مشاهدة سجل الحركات','مشاهدة سجل الحركات','operations','history','view','page',false,true,140,now()) on conflict (code) do update set name=excluded.name,name_ar=excluded.name_ar,system_code=excluded.system_code,page_code=excluded.page_code,action_code=excluded.action_code,category=excluded.category,is_sensitive=excluded.is_sensitive,is_active=true,sort_order=excluded.sort_order,updated_at=now();
insert into core.permissions(code,name,name_ar,system_code,page_code,action_code,category,is_sensitive,is_active,sort_order,updated_at) values ('operations.movement.view','مشاهدة حركة السيارات','مشاهدة حركة السيارات','operations','movement','view','page',false,true,120,now()) on conflict (code) do update set name=excluded.name,name_ar=excluded.name_ar,system_code=excluded.system_code,page_code=excluded.page_code,action_code=excluded.action_code,category=excluded.category,is_sensitive=excluded.is_sensitive,is_active=true,sort_order=excluded.sort_order,updated_at=now();
insert into core.permissions(code,name,name_ar,system_code,page_code,action_code,category,is_sensitive,is_active,sort_order,updated_at) values ('operations.movement.execute','تنفيذ حركة سيارة','تنفيذ حركة سيارة','operations','movement','execute','action',true,true,121,now()) on conflict (code) do update set name=excluded.name,name_ar=excluded.name_ar,system_code=excluded.system_code,page_code=excluded.page_code,action_code=excluded.action_code,category=excluded.category,is_sensitive=excluded.is_sensitive,is_active=true,sort_order=excluded.sort_order,updated_at=now();
insert into core.permissions(code,name,name_ar,system_code,page_code,action_code,category,is_sensitive,is_active,sort_order,updated_at) values ('operations.requests.view','مشاهدة طلبات العمليات','مشاهدة طلبات العمليات','operations','requests','view','page',false,true,130,now()) on conflict (code) do update set name=excluded.name,name_ar=excluded.name_ar,system_code=excluded.system_code,page_code=excluded.page_code,action_code=excluded.action_code,category=excluded.category,is_sensitive=excluded.is_sensitive,is_active=true,sort_order=excluded.sort_order,updated_at=now();
insert into core.permissions(code,name,name_ar,system_code,page_code,action_code,category,is_sensitive,is_active,sort_order,updated_at) values ('operations.request.create','إنشاء طلب عمليات','إنشاء طلب عمليات','operations','requests','create','action',false,true,131,now()) on conflict (code) do update set name=excluded.name,name_ar=excluded.name_ar,system_code=excluded.system_code,page_code=excluded.page_code,action_code=excluded.action_code,category=excluded.category,is_sensitive=excluded.is_sensitive,is_active=true,sort_order=excluded.sort_order,updated_at=now();
insert into core.permissions(code,name,name_ar,system_code,page_code,action_code,category,is_sensitive,is_active,sort_order,updated_at) values ('operations.request.send','إرسال طلب عمليات','إرسال طلب عمليات','operations','requests','send','action',false,true,132,now()) on conflict (code) do update set name=excluded.name,name_ar=excluded.name_ar,system_code=excluded.system_code,page_code=excluded.page_code,action_code=excluded.action_code,category=excluded.category,is_sensitive=excluded.is_sensitive,is_active=true,sort_order=excluded.sort_order,updated_at=now();
insert into core.permissions(code,name,name_ar,system_code,page_code,action_code,category,is_sensitive,is_active,sort_order,updated_at) values ('operations.request.receive_order','مرحلة استلام الطلب','مرحلة استلام الطلب','operations','requests','receive_order','workflow',false,true,133,now()) on conflict (code) do update set name=excluded.name,name_ar=excluded.name_ar,system_code=excluded.system_code,page_code=excluded.page_code,action_code=excluded.action_code,category=excluded.category,is_sensitive=excluded.is_sensitive,is_active=true,sort_order=excluded.sort_order,updated_at=now();
insert into core.permissions(code,name,name_ar,system_code,page_code,action_code,category,is_sensitive,is_active,sort_order,updated_at) values ('operations.request.send_car','مرحلة إرسال السيارة','مرحلة إرسال السيارة','operations','requests','send_car','workflow',false,true,134,now()) on conflict (code) do update set name=excluded.name,name_ar=excluded.name_ar,system_code=excluded.system_code,page_code=excluded.page_code,action_code=excluded.action_code,category=excluded.category,is_sensitive=excluded.is_sensitive,is_active=true,sort_order=excluded.sort_order,updated_at=now();
insert into core.permissions(code,name,name_ar,system_code,page_code,action_code,category,is_sensitive,is_active,sort_order,updated_at) values ('operations.request.receive_car','مرحلة استلام السيارة','مرحلة استلام السيارة','operations','requests','receive_car','workflow',false,true,135,now()) on conflict (code) do update set name=excluded.name,name_ar=excluded.name_ar,system_code=excluded.system_code,page_code=excluded.page_code,action_code=excluded.action_code,category=excluded.category,is_sensitive=excluded.is_sensitive,is_active=true,sort_order=excluded.sort_order,updated_at=now();
insert into core.permissions(code,name,name_ar,system_code,page_code,action_code,category,is_sensitive,is_active,sort_order,updated_at) values ('operations.request.finish_order','مرحلة إنهاء الطلب','مرحلة إنهاء الطلب','operations','requests','finish_order','workflow',false,true,136,now()) on conflict (code) do update set name=excluded.name,name_ar=excluded.name_ar,system_code=excluded.system_code,page_code=excluded.page_code,action_code=excluded.action_code,category=excluded.category,is_sensitive=excluded.is_sensitive,is_active=true,sort_order=excluded.sort_order,updated_at=now();
insert into core.permissions(code,name,name_ar,system_code,page_code,action_code,category,is_sensitive,is_active,sort_order,updated_at) values ('operations.request.rollback','التراجع عن مرحلة طلب','التراجع عن مرحلة طلب','operations','requests','rollback','workflow',true,true,137,now()) on conflict (code) do update set name=excluded.name,name_ar=excluded.name_ar,system_code=excluded.system_code,page_code=excluded.page_code,action_code=excluded.action_code,category=excluded.category,is_sensitive=excluded.is_sensitive,is_active=true,sort_order=excluded.sort_order,updated_at=now();
insert into core.permissions(code,name,name_ar,system_code,page_code,action_code,category,is_sensitive,is_active,sort_order,updated_at) values ('operations.request.delete','حذف طلب عمليات','حذف طلب عمليات','operations','requests','delete','action',true,true,138,now()) on conflict (code) do update set name=excluded.name,name_ar=excluded.name_ar,system_code=excluded.system_code,page_code=excluded.page_code,action_code=excluded.action_code,category=excluded.category,is_sensitive=excluded.is_sensitive,is_active=true,sort_order=excluded.sort_order,updated_at=now();
insert into core.permissions(code,name,name_ar,system_code,page_code,action_code,category,is_sensitive,is_active,sort_order,updated_at) values ('operations.settings.view','مشاهدة إعدادات العمليات','مشاهدة إعدادات العمليات','operations','settings','view','page',true,true,150,now()) on conflict (code) do update set name=excluded.name,name_ar=excluded.name_ar,system_code=excluded.system_code,page_code=excluded.page_code,action_code=excluded.action_code,category=excluded.category,is_sensitive=excluded.is_sensitive,is_active=true,sort_order=excluded.sort_order,updated_at=now();
insert into core.permissions(code,name,name_ar,system_code,page_code,action_code,category,is_sensitive,is_active,sort_order,updated_at) values ('operations.settings.manage','تعديل إعدادات العمليات','تعديل إعدادات العمليات','operations','settings','manage','action',true,true,151,now()) on conflict (code) do update set name=excluded.name,name_ar=excluded.name_ar,system_code=excluded.system_code,page_code=excluded.page_code,action_code=excluded.action_code,category=excluded.category,is_sensitive=excluded.is_sensitive,is_active=true,sort_order=excluded.sort_order,updated_at=now();
insert into core.permissions(code,name,name_ar,system_code,page_code,action_code,category,is_sensitive,is_active,sort_order,updated_at) values ('system.tracking.access','الدخول إلى نظام التراكينج','الدخول إلى نظام التراكينج','tracking',null,'access','system',false,true,2,now()) on conflict (code) do update set name=excluded.name,name_ar=excluded.name_ar,system_code=excluded.system_code,page_code=excluded.page_code,action_code=excluded.action_code,category=excluded.category,is_sensitive=excluded.is_sensitive,is_active=true,sort_order=excluded.sort_order,updated_at=now();
insert into core.permissions(code,name,name_ar,system_code,page_code,action_code,category,is_sensitive,is_active,sort_order,updated_at) values ('tracking.orders.view','مشاهدة طلبات التراكينج','مشاهدة طلبات التراكينج','tracking','orders','view','page',false,true,200,now()) on conflict (code) do update set name=excluded.name,name_ar=excluded.name_ar,system_code=excluded.system_code,page_code=excluded.page_code,action_code=excluded.action_code,category=excluded.category,is_sensitive=excluded.is_sensitive,is_active=true,sort_order=excluded.sort_order,updated_at=now();
insert into core.permissions(code,name,name_ar,system_code,page_code,action_code,category,is_sensitive,is_active,sort_order,updated_at) values ('tracking.order.open','فتح طلب التراكينج','فتح طلب التراكينج','tracking','orders','open','action',false,true,201,now()) on conflict (code) do update set name=excluded.name,name_ar=excluded.name_ar,system_code=excluded.system_code,page_code=excluded.page_code,action_code=excluded.action_code,category=excluded.category,is_sensitive=excluded.is_sensitive,is_active=true,sort_order=excluded.sort_order,updated_at=now();
insert into core.permissions(code,name,name_ar,system_code,page_code,action_code,category,is_sensitive,is_active,sort_order,updated_at) values ('tracking.link.create','إنشاء رابط تتبع','إنشاء رابط تتبع','tracking','orders','create_link','action',false,true,202,now()) on conflict (code) do update set name=excluded.name,name_ar=excluded.name_ar,system_code=excluded.system_code,page_code=excluded.page_code,action_code=excluded.action_code,category=excluded.category,is_sensitive=excluded.is_sensitive,is_active=true,sort_order=excluded.sort_order,updated_at=now();
insert into core.permissions(code,name,name_ar,system_code,page_code,action_code,category,is_sensitive,is_active,sort_order,updated_at) values ('tracking.link.copy','نسخ رابط التتبع','نسخ رابط التتبع','tracking','orders','copy_link','action',false,true,203,now()) on conflict (code) do update set name=excluded.name,name_ar=excluded.name_ar,system_code=excluded.system_code,page_code=excluded.page_code,action_code=excluded.action_code,category=excluded.category,is_sensitive=excluded.is_sensitive,is_active=true,sort_order=excluded.sort_order,updated_at=now();
insert into core.permissions(code,name,name_ar,system_code,page_code,action_code,category,is_sensitive,is_active,sort_order,updated_at) values ('tracking.sms.send','إرسال SMS','إرسال SMS','tracking','orders','send_sms','action',true,true,204,now()) on conflict (code) do update set name=excluded.name,name_ar=excluded.name_ar,system_code=excluded.system_code,page_code=excluded.page_code,action_code=excluded.action_code,category=excluded.category,is_sensitive=excluded.is_sensitive,is_active=true,sort_order=excluded.sort_order,updated_at=now();
insert into core.permissions(code,name,name_ar,system_code,page_code,action_code,category,is_sensitive,is_active,sort_order,updated_at) values ('tracking.order.archive','أرشفة الطلب','أرشفة الطلب','tracking','orders','archive','action',true,true,205,now()) on conflict (code) do update set name=excluded.name,name_ar=excluded.name_ar,system_code=excluded.system_code,page_code=excluded.page_code,action_code=excluded.action_code,category=excluded.category,is_sensitive=excluded.is_sensitive,is_active=true,sort_order=excluded.sort_order,updated_at=now();
insert into core.permissions(code,name,name_ar,system_code,page_code,action_code,category,is_sensitive,is_active,sort_order,updated_at) values ('tracking.stage.01.complete','تنفيذ المرحلة 1','تنفيذ المرحلة 1','tracking','orders','stage_01_complete','workflow',false,true,210,now()) on conflict (code) do update set name=excluded.name,name_ar=excluded.name_ar,system_code=excluded.system_code,page_code=excluded.page_code,action_code=excluded.action_code,category=excluded.category,is_sensitive=excluded.is_sensitive,is_active=true,sort_order=excluded.sort_order,updated_at=now();
insert into core.permissions(code,name,name_ar,system_code,page_code,action_code,category,is_sensitive,is_active,sort_order,updated_at) values ('tracking.stage.02.complete','تنفيذ المرحلة 2','تنفيذ المرحلة 2','tracking','orders','stage_02_complete','workflow',false,true,211,now()) on conflict (code) do update set name=excluded.name,name_ar=excluded.name_ar,system_code=excluded.system_code,page_code=excluded.page_code,action_code=excluded.action_code,category=excluded.category,is_sensitive=excluded.is_sensitive,is_active=true,sort_order=excluded.sort_order,updated_at=now();
insert into core.permissions(code,name,name_ar,system_code,page_code,action_code,category,is_sensitive,is_active,sort_order,updated_at) values ('tracking.stage.03.complete','تنفيذ المرحلة 3','تنفيذ المرحلة 3','tracking','orders','stage_03_complete','workflow',false,true,212,now()) on conflict (code) do update set name=excluded.name,name_ar=excluded.name_ar,system_code=excluded.system_code,page_code=excluded.page_code,action_code=excluded.action_code,category=excluded.category,is_sensitive=excluded.is_sensitive,is_active=true,sort_order=excluded.sort_order,updated_at=now();
insert into core.permissions(code,name,name_ar,system_code,page_code,action_code,category,is_sensitive,is_active,sort_order,updated_at) values ('tracking.stage.04.complete','تنفيذ المرحلة 4','تنفيذ المرحلة 4','tracking','orders','stage_04_complete','workflow',false,true,213,now()) on conflict (code) do update set name=excluded.name,name_ar=excluded.name_ar,system_code=excluded.system_code,page_code=excluded.page_code,action_code=excluded.action_code,category=excluded.category,is_sensitive=excluded.is_sensitive,is_active=true,sort_order=excluded.sort_order,updated_at=now();
insert into core.permissions(code,name,name_ar,system_code,page_code,action_code,category,is_sensitive,is_active,sort_order,updated_at) values ('tracking.stage.05.complete','تنفيذ المرحلة 5','تنفيذ المرحلة 5','tracking','orders','stage_05_complete','workflow',false,true,214,now()) on conflict (code) do update set name=excluded.name,name_ar=excluded.name_ar,system_code=excluded.system_code,page_code=excluded.page_code,action_code=excluded.action_code,category=excluded.category,is_sensitive=excluded.is_sensitive,is_active=true,sort_order=excluded.sort_order,updated_at=now();
insert into core.permissions(code,name,name_ar,system_code,page_code,action_code,category,is_sensitive,is_active,sort_order,updated_at) values ('tracking.stage.06.complete','تنفيذ المرحلة 6','تنفيذ المرحلة 6','tracking','orders','stage_06_complete','workflow',false,true,215,now()) on conflict (code) do update set name=excluded.name,name_ar=excluded.name_ar,system_code=excluded.system_code,page_code=excluded.page_code,action_code=excluded.action_code,category=excluded.category,is_sensitive=excluded.is_sensitive,is_active=true,sort_order=excluded.sort_order,updated_at=now();
insert into core.permissions(code,name,name_ar,system_code,page_code,action_code,category,is_sensitive,is_active,sort_order,updated_at) values ('tracking.stage.07.complete','تنفيذ المرحلة 7','تنفيذ المرحلة 7','tracking','orders','stage_07_complete','workflow',false,true,216,now()) on conflict (code) do update set name=excluded.name,name_ar=excluded.name_ar,system_code=excluded.system_code,page_code=excluded.page_code,action_code=excluded.action_code,category=excluded.category,is_sensitive=excluded.is_sensitive,is_active=true,sort_order=excluded.sort_order,updated_at=now();
insert into core.permissions(code,name,name_ar,system_code,page_code,action_code,category,is_sensitive,is_active,sort_order,updated_at) values ('tracking.stage.08.complete','تنفيذ المرحلة 8','تنفيذ المرحلة 8','tracking','orders','stage_08_complete','workflow',false,true,217,now()) on conflict (code) do update set name=excluded.name,name_ar=excluded.name_ar,system_code=excluded.system_code,page_code=excluded.page_code,action_code=excluded.action_code,category=excluded.category,is_sensitive=excluded.is_sensitive,is_active=true,sort_order=excluded.sort_order,updated_at=now();
insert into core.permissions(code,name,name_ar,system_code,page_code,action_code,category,is_sensitive,is_active,sort_order,updated_at) values ('tracking.stage.09.complete','تنفيذ المرحلة 9','تنفيذ المرحلة 9','tracking','orders','stage_09_complete','workflow',false,true,218,now()) on conflict (code) do update set name=excluded.name,name_ar=excluded.name_ar,system_code=excluded.system_code,page_code=excluded.page_code,action_code=excluded.action_code,category=excluded.category,is_sensitive=excluded.is_sensitive,is_active=true,sort_order=excluded.sort_order,updated_at=now();
insert into core.permissions(code,name,name_ar,system_code,page_code,action_code,category,is_sensitive,is_active,sort_order,updated_at) values ('tracking.stage.10.complete','تنفيذ المرحلة 10','تنفيذ المرحلة 10','tracking','orders','stage_10_complete','workflow',false,true,219,now()) on conflict (code) do update set name=excluded.name,name_ar=excluded.name_ar,system_code=excluded.system_code,page_code=excluded.page_code,action_code=excluded.action_code,category=excluded.category,is_sensitive=excluded.is_sensitive,is_active=true,sort_order=excluded.sort_order,updated_at=now();
insert into core.permissions(code,name,name_ar,system_code,page_code,action_code,category,is_sensitive,is_active,sort_order,updated_at) values ('tracking.stage.01.rollback','التراجع عن المرحلة 1','التراجع عن المرحلة 1','tracking','orders','stage_01_rollback','workflow',true,true,230,now()) on conflict (code) do update set name=excluded.name,name_ar=excluded.name_ar,system_code=excluded.system_code,page_code=excluded.page_code,action_code=excluded.action_code,category=excluded.category,is_sensitive=excluded.is_sensitive,is_active=true,sort_order=excluded.sort_order,updated_at=now();
insert into core.permissions(code,name,name_ar,system_code,page_code,action_code,category,is_sensitive,is_active,sort_order,updated_at) values ('tracking.stage.02.rollback','التراجع عن المرحلة 2','التراجع عن المرحلة 2','tracking','orders','stage_02_rollback','workflow',true,true,231,now()) on conflict (code) do update set name=excluded.name,name_ar=excluded.name_ar,system_code=excluded.system_code,page_code=excluded.page_code,action_code=excluded.action_code,category=excluded.category,is_sensitive=excluded.is_sensitive,is_active=true,sort_order=excluded.sort_order,updated_at=now();
insert into core.permissions(code,name,name_ar,system_code,page_code,action_code,category,is_sensitive,is_active,sort_order,updated_at) values ('tracking.stage.03.rollback','التراجع عن المرحلة 3','التراجع عن المرحلة 3','tracking','orders','stage_03_rollback','workflow',true,true,232,now()) on conflict (code) do update set name=excluded.name,name_ar=excluded.name_ar,system_code=excluded.system_code,page_code=excluded.page_code,action_code=excluded.action_code,category=excluded.category,is_sensitive=excluded.is_sensitive,is_active=true,sort_order=excluded.sort_order,updated_at=now();
insert into core.permissions(code,name,name_ar,system_code,page_code,action_code,category,is_sensitive,is_active,sort_order,updated_at) values ('tracking.stage.04.rollback','التراجع عن المرحلة 4','التراجع عن المرحلة 4','tracking','orders','stage_04_rollback','workflow',true,true,233,now()) on conflict (code) do update set name=excluded.name,name_ar=excluded.name_ar,system_code=excluded.system_code,page_code=excluded.page_code,action_code=excluded.action_code,category=excluded.category,is_sensitive=excluded.is_sensitive,is_active=true,sort_order=excluded.sort_order,updated_at=now();
insert into core.permissions(code,name,name_ar,system_code,page_code,action_code,category,is_sensitive,is_active,sort_order,updated_at) values ('tracking.stage.05.rollback','التراجع عن المرحلة 5','التراجع عن المرحلة 5','tracking','orders','stage_05_rollback','workflow',true,true,234,now()) on conflict (code) do update set name=excluded.name,name_ar=excluded.name_ar,system_code=excluded.system_code,page_code=excluded.page_code,action_code=excluded.action_code,category=excluded.category,is_sensitive=excluded.is_sensitive,is_active=true,sort_order=excluded.sort_order,updated_at=now();
insert into core.permissions(code,name,name_ar,system_code,page_code,action_code,category,is_sensitive,is_active,sort_order,updated_at) values ('tracking.stage.06.rollback','التراجع عن المرحلة 6','التراجع عن المرحلة 6','tracking','orders','stage_06_rollback','workflow',true,true,235,now()) on conflict (code) do update set name=excluded.name,name_ar=excluded.name_ar,system_code=excluded.system_code,page_code=excluded.page_code,action_code=excluded.action_code,category=excluded.category,is_sensitive=excluded.is_sensitive,is_active=true,sort_order=excluded.sort_order,updated_at=now();
insert into core.permissions(code,name,name_ar,system_code,page_code,action_code,category,is_sensitive,is_active,sort_order,updated_at) values ('tracking.stage.07.rollback','التراجع عن المرحلة 7','التراجع عن المرحلة 7','tracking','orders','stage_07_rollback','workflow',true,true,236,now()) on conflict (code) do update set name=excluded.name,name_ar=excluded.name_ar,system_code=excluded.system_code,page_code=excluded.page_code,action_code=excluded.action_code,category=excluded.category,is_sensitive=excluded.is_sensitive,is_active=true,sort_order=excluded.sort_order,updated_at=now();
insert into core.permissions(code,name,name_ar,system_code,page_code,action_code,category,is_sensitive,is_active,sort_order,updated_at) values ('tracking.stage.08.rollback','التراجع عن المرحلة 8','التراجع عن المرحلة 8','tracking','orders','stage_08_rollback','workflow',true,true,237,now()) on conflict (code) do update set name=excluded.name,name_ar=excluded.name_ar,system_code=excluded.system_code,page_code=excluded.page_code,action_code=excluded.action_code,category=excluded.category,is_sensitive=excluded.is_sensitive,is_active=true,sort_order=excluded.sort_order,updated_at=now();
insert into core.permissions(code,name,name_ar,system_code,page_code,action_code,category,is_sensitive,is_active,sort_order,updated_at) values ('tracking.stage.09.rollback','التراجع عن المرحلة 9','التراجع عن المرحلة 9','tracking','orders','stage_09_rollback','workflow',true,true,238,now()) on conflict (code) do update set name=excluded.name,name_ar=excluded.name_ar,system_code=excluded.system_code,page_code=excluded.page_code,action_code=excluded.action_code,category=excluded.category,is_sensitive=excluded.is_sensitive,is_active=true,sort_order=excluded.sort_order,updated_at=now();
insert into core.permissions(code,name,name_ar,system_code,page_code,action_code,category,is_sensitive,is_active,sort_order,updated_at) values ('tracking.stage.10.rollback','التراجع عن المرحلة 10','التراجع عن المرحلة 10','tracking','orders','stage_10_rollback','workflow',true,true,239,now()) on conflict (code) do update set name=excluded.name,name_ar=excluded.name_ar,system_code=excluded.system_code,page_code=excluded.page_code,action_code=excluded.action_code,category=excluded.category,is_sensitive=excluded.is_sensitive,is_active=true,sort_order=excluded.sort_order,updated_at=now();
insert into core.permissions(code,name,name_ar,system_code,page_code,action_code,category,is_sensitive,is_active,sort_order,updated_at) values ('tracking.settings.view','مشاهدة إعدادات التراكينج','مشاهدة إعدادات التراكينج','tracking','settings','view','page',true,true,206,now()) on conflict (code) do update set name=excluded.name,name_ar=excluded.name_ar,system_code=excluded.system_code,page_code=excluded.page_code,action_code=excluded.action_code,category=excluded.category,is_sensitive=excluded.is_sensitive,is_active=true,sort_order=excluded.sort_order,updated_at=now();
insert into core.permissions(code,name,name_ar,system_code,page_code,action_code,category,is_sensitive,is_active,sort_order,updated_at) values ('tracking.settings.manage','تعديل إعدادات التراكينج','تعديل إعدادات التراكينج','tracking','settings','manage','action',true,true,207,now()) on conflict (code) do update set name=excluded.name,name_ar=excluded.name_ar,system_code=excluded.system_code,page_code=excluded.page_code,action_code=excluded.action_code,category=excluded.category,is_sensitive=excluded.is_sensitive,is_active=true,sort_order=excluded.sort_order,updated_at=now();

insert into core.role_permissions(role_id,permission_id) select r.id,p.id from core.roles r cross join core.permissions p where r.code='admin' and p.is_active=true on conflict do nothing;

insert into core.role_permissions(role_id,permission_id) select r.id,p.id from core.roles r join core.permissions p on p.code=any(array['system.crm.access', 'crm.dashboard.view', 'crm.database.view', 'crm.customer.view', 'crm.customer.update', 'crm.customer.change_status', 'crm.customer.add_note', 'crm.customer.change_owner', 'crm.customer.transfer', 'crm.customer.delete', 'crm.customer.export', 'crm.finance_history.view', 'crm.inbox.view', 'crm.conversation.view', 'crm.conversation.send_text', 'crm.conversation.send_template', 'crm.conversation.send_media', 'crm.conversation.download_attachment', 'crm.conversation.mark_read', 'crm.inbox_agent.view', 'crm.inbox_agent.manage', 'crm.kpi.view', 'crm.kpi.manage', 'crm.kpi.export', 'crm.customer.create', 'crm.manual_leads.view', 'crm.manual_lead.create', 'crm.manual_lead.approve_duplicate', 'crm.manual_lead.delete', 'crm.ownership.view', 'crm.reports.view', 'crm.reports.export']::text[]) where r.code='sales_manager' on conflict do nothing;
insert into core.role_permissions(role_id,permission_id) select r.id,p.id from core.roles r join core.permissions p on p.code=any(array['system.crm.access', 'crm.dashboard.view', 'crm.database.view', 'crm.customer.view', 'crm.customer.update', 'crm.customer.change_status', 'crm.customer.add_note', 'crm.manual_leads.view', 'crm.manual_lead.create', 'crm.inbox.view', 'crm.conversation.view', 'crm.conversation.send_text', 'crm.conversation.send_template', 'crm.conversation.send_media', 'crm.conversation.download_attachment', 'crm.conversation.mark_read', 'crm.finance_history.view', 'crm.reports.view', 'crm.kpi.view', 'crm.kpi.manage']::text[]) where r.code='branch_manager' on conflict do nothing;
insert into core.role_permissions(role_id,permission_id) select r.id,p.id from core.roles r join core.permissions p on p.code=any(array['system.crm.access', 'crm.dashboard.view', 'crm.database.view', 'crm.customer.view', 'crm.customer.update', 'crm.customer.change_status', 'crm.customer.add_note', 'crm.manual_leads.view', 'crm.manual_lead.create', 'crm.inbox.view', 'crm.conversation.view', 'crm.conversation.send_text', 'crm.conversation.send_template', 'crm.conversation.send_media', 'crm.conversation.download_attachment', 'crm.conversation.mark_read']::text[]) where r.code='call_center_agent' on conflict do nothing;
insert into core.role_permissions(role_id,permission_id) select r.id,p.id from core.roles r join core.permissions p on p.code=any(array['system.crm.access', 'crm.dashboard.view', 'crm.database.view', 'crm.customer.view', 'crm.customer.update', 'crm.customer.change_status', 'crm.customer.add_note', 'crm.manual_leads.view', 'crm.manual_lead.create', 'crm.inbox.view', 'crm.conversation.view', 'crm.conversation.send_text', 'crm.conversation.send_template', 'crm.conversation.send_media', 'crm.conversation.download_attachment', 'crm.conversation.mark_read']::text[]) where r.code='sales_user' on conflict do nothing;
insert into core.role_permissions(role_id,permission_id) select r.id,p.id from core.roles r join core.permissions p on p.code=any(array['system.marketing.access', 'marketing.dashboard.view', 'marketing.campaigns.view', 'marketing.agenda.view', 'marketing.task_template.download', 'marketing.task_template.upload', 'marketing.task_template.reupload', 'marketing.assignment_actions.execute', 'marketing.final_file.upload', 'marketing.calendar.view', 'marketing.publishing.view']::text[]) where r.code='marketing_user' on conflict do nothing;
insert into core.role_permissions(role_id,permission_id) select r.id,p.id from core.roles r join core.permissions p on p.code=any(array['system.marketing.access', 'marketing.dashboard.view', 'marketing.campaigns.view', 'marketing.agenda.view', 'marketing.task_template.download', 'marketing.task_template.upload', 'marketing.task_template.reupload', 'marketing.assignment_actions.execute', 'marketing.final_file.upload', 'marketing.calendar.view', 'marketing.publishing.view']::text[]) where r.code='marketing_executive' on conflict do nothing;
insert into core.role_permissions(role_id,permission_id) select r.id,p.id from core.roles r join core.permissions p on p.code=any(array['system.operations.access', 'operations.dashboard.view', 'operations.database.view', 'operations.vehicle.create', 'operations.vehicle.update', 'operations.vehicle.delete', 'operations.vehicle.export', 'operations.history.view', 'operations.movement.view', 'operations.movement.execute', 'operations.requests.view', 'operations.request.create', 'operations.request.send', 'operations.request.receive_order', 'operations.request.send_car', 'operations.request.receive_car', 'operations.request.finish_order', 'operations.request.rollback', 'operations.request.delete', 'operations.settings.view', 'operations.settings.manage']::text[]) where r.code='operations_manager' on conflict do nothing;
insert into core.role_permissions(role_id,permission_id) select r.id,p.id from core.roles r join core.permissions p on p.code=any(array['system.operations.access', 'operations.dashboard.view', 'operations.database.view', 'operations.movement.view', 'operations.movement.execute', 'operations.requests.view', 'operations.request.create', 'operations.request.send', 'operations.history.view']::text[]) where r.code='operations_admin' on conflict do nothing;
insert into core.role_permissions(role_id,permission_id) select r.id,p.id from core.roles r join core.permissions p on p.code=any(array['system.operations.access', 'operations.dashboard.view', 'operations.database.view', 'operations.movement.view', 'operations.movement.execute', 'operations.requests.view', 'operations.request.create', 'operations.request.send', 'operations.history.view']::text[]) where r.code='operations_user' on conflict do nothing;
insert into core.role_permissions(role_id,permission_id) select r.id,p.id from core.roles r join core.permissions p on p.code=any(array['system.crm.access', 'crm.dashboard.view', 'crm.database.view', 'crm.customer.view', 'crm.customer.update', 'crm.customer.change_status', 'crm.customer.add_note', 'crm.inbox.view', 'crm.conversation.view', 'crm.conversation.send_text', 'crm.conversation.send_template', 'crm.conversation.send_media', 'crm.conversation.download_attachment', 'crm.conversation.mark_read']::text[]) where r.code='customer_service_agent' on conflict do nothing;
insert into core.role_permissions(role_id,permission_id) select r.id,p.id from core.roles r join core.permissions p on p.code=any(array['system.tracking.access', 'tracking.orders.view', 'tracking.order.open', 'tracking.link.create', 'tracking.link.copy']::text[]) where r.code='tracking_user' on conflict do nothing;

insert into core.user_systems(user_id,system_code,is_enabled,role_id,data_scope)
select distinct ur.user_id,
  case
    when r.code in ('sales_manager','branch_manager','call_center_agent','customer_service_agent','sales_user') then 'crm'
    when r.code in ('marketing_user','marketing_executive') then 'marketing'
    when r.code in ('operations_user','operations_admin','operations_manager','accounts_manager') then 'operations'
    when r.code='tracking_user' then 'tracking'
    else s.code
  end,
  true,
  case when r.code='admin' then null else r.id end,
  case when r.code in ('admin','sales_manager','operations_manager') then 'all' else 'assigned' end
from core.user_roles ur
join core.roles r on r.id=ur.role_id
cross join lateral (
  select code from core.systems
  where r.code='admin' or code=case
    when r.code in ('sales_manager','branch_manager','call_center_agent','customer_service_agent','sales_user') then 'crm'
    when r.code in ('marketing_user','marketing_executive') then 'marketing'
    when r.code in ('operations_user','operations_admin','operations_manager','accounts_manager') then 'operations'
    when r.code='tracking_user' then 'tracking'
    else '__none__'
  end
) s
on conflict (user_id,system_code) do nothing;

commit;
